SNP,effect_allele.exposure,other_allele.exposure,effect_allele.outcome,other_allele.outcome,beta.exposure,beta.outcome,eaf.exposure,eaf.outcome,remove,palindromic,ambiguous,id.outcome,chr.outcome,pos.outcome,se.outcome,z.outcome,pval.outcome,samplesize.outcome,outcome,mr_keep.outcome,pval_origin.outcome,X13,proxy.outcome,target_snp.outcome,proxy_snp.outcome,target_a1.outcome,proxy_a1.outcome,target_a2.outcome,proxy_a2.outcome,chr.exposure,pos.exposure,se.exposure,z.exposure,pval.exposure,samplesize.exposure,exposure,mr_keep.exposure,pval_origin.exposure,id.exposure,action,mr_keep
rs10490626,A,G,A,G,-0.0508,-0.0568,0.07916,0.113249,FALSE,FALSE,FALSE,RQV0xS,2,118835841,0.0266,-2.1353383458646618,0.03293,63926,AD,TRUE,reported,NA,NA,NA,NA,NA,NA,NA,NA,2,118835841,0.0069,-7.36232,1.6969999999999997e-12,173082,LDL,TRUE,reported,nEaIqP,2,TRUE
rs10832962,T,C,T,C,0.032,0.0049,0.719,0.679861,FALSE,FALSE,FALSE,RQV0xS,11,18656271,0.0164,0.29878048780487804,0.7654,63926,AD,TRUE,reported,NA,NA,NA,NA,NA,NA,NA,NA,11,18656271,0.004,8,6.618999999999999e-14,173082,LDL,TRUE,reported,nEaIqP,2,TRUE
rs10893499,A,G,A,G,0.0521,0.0158,0.1438,0.159347,FALSE,FALSE,FALSE,RQV0xS,11,126241979,0.0208,0.7596153846153847,0.4487,63926,AD,TRUE,reported,NA,NA,NA,NA,NA,NA,NA,NA,11,126241979,0.0053,9.830188679245284,3.861e-21,173082,LDL,TRUE,reported,nEaIqP,2,TRUE
rs10903129,G,A,G,A,0.0328,0.0013,0.5369,0.542287,FALSE,FALSE,FALSE,RQV0xS,1,25768937,0.0142,0.0915493,0.9256,63926,AD,TRUE,reported,NA,NA,NA,NA,NA,NA,NA,NA,1,25768937,0.0037,8.864864864864865,3.03e-17,173082,LDL,TRUE,reported,nEaIqP,2,TRUE
rs10947332,A,G,A,G,0.0504,0.0853,0.1319,0.119636,FALSE,FALSE,FALSE,RQV0xS,6,32677440,0.0192,4.442708333333334,9.16e-6,82771,AD,TRUE,reported,NA,NA,NA,NA,NA,NA,NA,NA,6,32677440,0.0056,9,6.969e-18,173082,LDL,TRUE,reported,nEaIqP,2,TRUE
rs11065987,G,A,G,A,-0.0269,-0.0057,0.4222,0.410407,FALSE,FALSE,FALSE,RQV0xS,12,112072424,0.0146,-0.390411,0.6979,63926,AD,TRUE,reported,NA,NA,NA,NA,NA,NA,NA,NA,12,112072424,0.0038,-7.07895,1.204e-11,173082,LDL,TRUE,reported,nEaIqP,2,TRUE
rs112201728,T,C,T,C,0.0675,-0.0573,0.05805,0.0874456,FALSE,FALSE,FALSE,RQV0xS,6,160551486,0.0278,-2.0611510791366907,0.03959,63926,AD,TRUE,reported,NA,NA,NA,NA,NA,NA,NA,NA,6,160551486,0.0104,6.490384615384616,8.514e-10,173082,LDL,TRUE,reported,nEaIqP,2,TRUE
rs11563251,T,C,T,C,0.0345,0.0176,0.1253,0.0817817,FALSE,FALSE,FALSE,RQV0xS,2,234679384,0.0235,0.748936170212766,0.4543,63926,AD,TRUE,reported,NA,NA,NA,NA,NA,NA,NA,NA,2,234679384,0.0062,5.564516129032259,4.4989999999999995e-8,173082,LDL,TRUE,reported,nEaIqP,2,TRUE
rs11591147,T,G,T,G,-0.497,0.0304,0.01715,0.0152119,FALSE,FALSE,FALSE,RQV0xS,1,55505647,0.0775,0.39225806451612905,0.6952,63926,AD,TRUE,reported,NA,NA,NA,NA,NA,NA,NA,NA,1,55505647,0.018,-27.6111,8.579999999999997e-143,173082,LDL,TRUE,reported,nEaIqP,2,TRUE
rs1250229,C,T,C,T,0.0243,-0.0057,0.7889,0.755754,FALSE,FALSE,FALSE,RQV0xS,2,216304384,0.0166,-0.343373,0.7316,63926,AD,TRUE,reported,NA,NA,NA,NA,NA,NA,NA,NA,2,216304384,0.0042,5.785714285714286,3.1299999999999996e-8,173082,LDL,TRUE,reported,nEaIqP,2,TRUE
rs12721109,A,G,A,G,-0.4462,-0.4976,0.01715,0.0357792,FALSE,FALSE,FALSE,RQV0xS,19,45447221,0.0646,-7.702786377708978,1.32e-14,63926,AD,TRUE,reported,NA,NA,NA,NA,NA,NA,NA,NA,19,45447221,0.0183,-24.3825,2.9900000000000003e-122,173082,LDL,TRUE,reported,nEaIqP,2,TRUE
rs12748152,T,C,T,C,0.0499,0.0207,0.07124,0.0683714,FALSE,FALSE,FALSE,RQV0xS,1,27138393,0.0265,0.7811320754716982,0.4358,63926,AD,TRUE,reported,NA,NA,NA,NA,NA,NA,NA,NA,1,27138393,0.0066,7.5606060606060606,3.2089999999999994e-12,173082,LDL,TRUE,reported,nEaIqP,2,TRUE
rs12916,C,T,C,T,0.0733,-0.0074,0.4314,0.439586,FALSE,FALSE,FALSE,RQV0xS,5,74656539,0.0146,-0.506849,0.614,63926,AD,TRUE,reported,NA,NA,NA,NA,NA,NA,NA,NA,5,74656539,0.0038,19.289473684210527,7.791999999999999e-78,173082,LDL,TRUE,reported,nEaIqP,2,TRUE
rs13206249,A,G,A,G,-0.0378,0.0179,0.2164,0.271392,FALSE,FALSE,FALSE,RQV0xS,6,16175022,0.0175,1.022857142857143,0.30620000000000003,63926,AD,TRUE,reported,NA,NA,NA,NA,NA,NA,NA,NA,6,16175022,0.0062,-6.09677,4.534e-8,173082,LDL,TRUE,reported,nEaIqP,2,TRUE
rs13277801,T,C,T,C,-0.0338,0.001,0.653,0.611285,FALSE,FALSE,FALSE,RQV0xS,8,59353534,0.015,0.06666666666666667,0.9471,63926,AD,TRUE,reported,NA,NA,NA,NA,NA,NA,NA,NA,8,59353534,0.0038,-8.89474,3.993999999999999e-17,173082,LDL,TRUE,reported,nEaIqP,2,TRUE
rs1367117,A,G,A,G,0.1186,0.0041,0.2876,0.292227,FALSE,FALSE,FALSE,RQV0xS,2,21263900,0.0157,0.2611464968152867,0.7935,63926,AD,TRUE,reported,NA,NA,NA,NA,NA,NA,NA,NA,2,21263900,0.004,29.65,9.479999999999995e-183,173082,LDL,TRUE,reported,nEaIqP,2,TRUE
rs1564348,C,T,C,T,0.0481,0.0039,0.1451,0.150018,FALSE,FALSE,FALSE,RQV0xS,6,160578860,0.0195,0.2,0.8420000000000001,63926,AD,TRUE,reported,NA,NA,NA,NA,NA,NA,NA,NA,6,160578860,0.005,9.62,2.762e-21,173082,LDL,TRUE,reported,nEaIqP,2,TRUE
rs16831243,T,C,T,C,0.0378,0.0155,0.1807,0.191524,FALSE,FALSE,FALSE,RQV0xS,2,135762344,0.0199,0.778894472361809,0.4368,63926,AD,TRUE,reported,NA,NA,NA,NA,NA,NA,NA,NA,2,135762344,0.0055,6.872727272727273,9.063e-12,173082,LDL,TRUE,reported,nEaIqP,2,TRUE
rs16891156,C,A,C,A,0.0965,-0.0259,0.01847,0.0261059,FALSE,FALSE,FALSE,RQV0xS,6,160608804,0.0522,-0.496169,0.6188,63926,AD,TRUE,reported,NA,NA,NA,NA,NA,NA,NA,NA,6,160608804,0.0171,5.643274853801169,8.233e-9,173082,LDL,TRUE,reported,nEaIqP,2,TRUE
rs17404153,T,G,T,G,-0.0336,0.0054,0.1438,0.129307,FALSE,FALSE,FALSE,RQV0xS,3,132163200,0.0213,0.2535211267605634,0.8019,63926,AD,TRUE,reported,NA,NA,NA,NA,NA,NA,NA,NA,3,132163200,0.0054,-6.22222,1.832e-9,173082,LDL,TRUE,reported,nEaIqP,2,TRUE
rs174583,T,C,T,C,-0.0522,-0.0102,0.3747,0.360044,FALSE,FALSE,FALSE,RQV0xS,11,61609750,0.0151,-0.6754966887417219,0.4971,63926,AD,TRUE,reported,NA,NA,NA,NA,NA,NA,NA,NA,11,61609750,0.0038,-13.7368,7.002999999999999e-41,173082,LDL,TRUE,reported,nEaIqP,2,TRUE
rs1801689,C,A,C,A,0.1028,-0.0572,0.03694,0.0270025,FALSE,FALSE,FALSE,RQV0xS,17,64210580,0.0465,-1.23011,0.2192,63926,AD,TRUE,reported,NA,NA,NA,NA,NA,NA,NA,NA,17,64210580,0.0139,7.39568345323741,9.808999999999996e-12,173082,LDL,TRUE,reported,nEaIqP,2,TRUE
rs1883025,T,C,T,C,-0.0296,0.0347,0.2427,0.216334,FALSE,FALSE,FALSE,RQV0xS,9,107664301,0.0138,2.5144927536231885,0.01205,82771,AD,TRUE,reported,NA,NA,NA,NA,NA,NA,NA,NA,9,107664301,0.0044,-6.72727,6.141e-11,173082,LDL,TRUE,reported,nEaIqP,2,TRUE
rs2030746,T,C,T,C,0.0214,-0.0109,0.3984,0.397636,FALSE,FALSE,FALSE,RQV0xS,2,121309488,0.0146,-0.7465753424657534,0.4564,63926,AD,TRUE,reported,NA,NA,NA,NA,NA,NA,NA,NA,2,121309488,0.0038,5.63157894736842,8.605e-9,173082,LDL,TRUE,reported,nEaIqP,2,TRUE
rs2073547,G,A,G,A,0.0485,-0.0311,0.1939,0.265488,FALSE,FALSE,FALSE,RQV0xS,7,44582331,0.0189,-1.6455,0.09927,63926,AD,TRUE,reported,NA,NA,NA,NA,NA,NA,NA,NA,7,44582331,0.0049,9.89795918367347,1.923e-21,173082,LDL,TRUE,reported,nEaIqP,2,TRUE
rs2228603,T,C,T,C,-0.104,0.0201,0.07124,0.0785559,FALSE,FALSE,FALSE,RQV0xS,19,19329924,0.0283,0.7102473498233216,0.4766,63926,AD,TRUE,reported,NA,NA,NA,NA,NA,NA,NA,NA,19,19329924,0.0072,-14.4444,4.4329999999999996e-44,173082,LDL,TRUE,reported,nEaIqP,2,TRUE
rs2250802,A,G,A,G,-0.0296,-0.0091,0.6807,0.733479,FALSE,FALSE,FALSE,RQV0xS,10,113921354,0.0156,-0.5833333333333334,0.5599,63926,AD,TRUE,reported,NA,NA,NA,NA,NA,NA,NA,NA,10,113921354,0.004,-7.4,3.935e-13,173082,LDL,TRUE,reported,nEaIqP,2,TRUE
rs2315065,A,C,A,C,0.1102,-0.0322,0.08707,0.0750272,FALSE,FALSE,FALSE,RQV0xS,6,161108144,0.032,-1.00625,0.3137,63926,AD,TRUE,reported,NA,NA,NA,NA,NA,NA,NA,NA,6,161108144,0.0158,6.974683544303797,5.23e-12,173082,LDL,TRUE,reported,nEaIqP,2,TRUE
rs2328223,C,A,C,A,0.0299,0.0372,0.2493,0.189705,FALSE,FALSE,FALSE,RQV0xS,20,17845921,0.0183,2.03279,0.04158,63926,AD,TRUE,reported,NA,NA,NA,NA,NA,NA,NA,NA,20,17845921,0.005,5.9799999999999995,5.632e-9,173082,LDL,TRUE,reported,nEaIqP,2,TRUE
rs2390536,A,G,A,G,0.0223,-0.0102,0.3681,0.389495,FALSE,FALSE,FALSE,RQV0xS,7,21485397,0.0149,-0.6845637583892618,0.4942,63926,AD,TRUE,reported,NA,NA,NA,NA,NA,NA,NA,NA,7,21485397,0.0038,5.868421052631579,2.037e-8,173082,LDL,TRUE,reported,nEaIqP,2,TRUE
rs2642438,G,A,G,A,0.0352,0.0154,0.7454,0.687908,FALSE,FALSE,FALSE,RQV0xS,1,220970028,0.0165,0.933333,0.3482,63926,AD,TRUE,reported,NA,NA,NA,NA,NA,NA,NA,NA,1,220970028,0.0042,8.380952380952381,7.318e-16,173082,LDL,TRUE,reported,nEaIqP,2,TRUE
rs267733,G,A,G,A,-0.0331,-0.0248,0.1372,0.146899,FALSE,FALSE,FALSE,RQV0xS,1,150958836,0.0198,-1.25253,0.211,63926,AD,TRUE,reported,NA,NA,NA,NA,NA,NA,NA,NA,1,150958836,0.0053,-6.24528,5.285e-9,173082,LDL,TRUE,reported,nEaIqP,2,TRUE
rs2710642,A,G,A,G,0.0239,-0.0099,0.6187,0.676588,FALSE,FALSE,FALSE,RQV0xS,2,63149557,0.015,-0.66,0.5073,63926,AD,TRUE,reported,NA,NA,NA,NA,NA,NA,NA,NA,2,63149557,0.0038,6.2894736842105265,6.089e-9,173082,LDL,TRUE,reported,nEaIqP,2,TRUE
rs2886232,C,T,C,T,-0.0451,0.0031,0.8799,0.911349,FALSE,FALSE,FALSE,RQV0xS,17,67150176,0.0242,0.128099,0.8978,63926,AD,TRUE,reported,NA,NA,NA,NA,NA,NA,NA,NA,17,67150176,0.0064,-7.04688,3.876e-11,173082,LDL,TRUE,reported,nEaIqP,2,TRUE
rs2902875,T,C,T,C,0.0756,0.0281,0.0409,0.0613908,FALSE,FALSE,FALSE,RQV0xS,1,55695535,0.0359,0.7827298050139275,0.4343,63926,AD,TRUE,reported,NA,NA,NA,NA,NA,NA,NA,NA,1,55695535,0.0126,6,2.187e-9,173082,LDL,TRUE,reported,nEaIqP,2,TRUE
rs2954029,T,A,T,A,-0.0564,0.0039,0.4683,0.48702999999999996,FALSE,TRUE,TRUE,RQV0xS,8,126490972,0.0143,-0.272727,0.7837,63926,AD,TRUE,reported,NA,NA,NA,NA,NA,NA,NA,NA,8,126490972,0.0036,-15.6667,2.095e-50,173082,LDL,TRUE,reported,nEaIqP,2,FALSE
rs2965157,C,T,C,T,-0.1886,-0.1165,0.02111,0.0211957,FALSE,FALSE,FALSE,RQV0xS,19,45176340,0.0484,-2.40702,0.01609,63926,AD,TRUE,reported,NA,NA,NA,NA,NA,NA,NA,NA,19,45176340,0.0112,-16.8393,7.291999999999999e-62,173082,LDL,TRUE,reported,nEaIqP,2,TRUE
rs314253,C,T,C,T,-0.0242,0.0067,0.3351,0.355301,FALSE,FALSE,FALSE,RQV0xS,17,7091650,0.015,0.446667,0.6526,63926,AD,TRUE,reported,NA,NA,NA,NA,NA,NA,NA,NA,17,7091650,0.0038,-6.36842,3.4360000000000003e-10,173082,LDL,TRUE,reported,nEaIqP,2,TRUE
rs364585,G,A,G,A,0.0249,-0.0162,0.6332,0.645969,FALSE,FALSE,FALSE,RQV0xS,20,12962718,0.0146,-1.10959,0.2669,63926,AD,TRUE,reported,NA,NA,NA,NA,NA,NA,NA,NA,20,12962718,0.0038,6.552631578947368,4.278e-10,173082,LDL,TRUE,reported,nEaIqP,2,TRUE
rs3757354,T,C,T,C,-0.0382,0.0188,0.2098,0.275768,FALSE,FALSE,FALSE,RQV0xS,6,16127407,0.0176,1.068181818181818,0.2859,63926,AD,TRUE,reported,NA,NA,NA,NA,NA,NA,NA,NA,6,16127407,0.0044,-8.68182,2.087e-17,173082,LDL,TRUE,reported,nEaIqP,2,TRUE
rs3780181,G,A,G,A,-0.0445,-0.0349,0.05277,0.0739935,FALSE,FALSE,FALSE,RQV0xS,9,2640759,0.0302,-1.15563,0.2467,63926,AD,TRUE,reported,NA,NA,NA,NA,NA,NA,NA,NA,9,2640759,0.0074,-6.01351,1.764e-9,173082,LDL,TRUE,reported,nEaIqP,2,TRUE
rs413380,C,T,C,T,0.0861,-0.0019,0.9657,0.9679,FALSE,FALSE,FALSE,RQV0xS,1,109795026,0.0381,-0.0498688,0.961,63926,AD,TRUE,reported,NA,NA,NA,NA,NA,NA,NA,NA,1,109795026,0.0098,8.785714285714286,7.622e-17,173082,LDL,TRUE,reported,nEaIqP,2,TRUE
rs4240624,A,G,A,G,0.0672,-0.0266,0.9248,0.911434,FALSE,FALSE,FALSE,RQV0xS,8,9184231,0.0256,-1.0390625,0.2984,63926,AD,TRUE,reported,NA,NA,NA,NA,NA,NA,NA,NA,8,9184231,0.0063,10.666666666666666,2.6169999999999998e-23,173082,LDL,TRUE,reported,nEaIqP,2,TRUE
rs4253776,G,A,G,A,0.0311,0.0229,0.124,0.108373,FALSE,FALSE,FALSE,RQV0xS,22,46629479,0.0224,1.02232,0.3073,63926,AD,TRUE,reported,NA,NA,NA,NA,NA,NA,NA,NA,22,46629479,0.0059,5.271186440677966,3.353e-8,173082,LDL,TRUE,reported,nEaIqP,2,TRUE
rs4530754,A,G,A,G,0.0275,0.0241,0.5818,0.518364,FALSE,FALSE,FALSE,RQV0xS,5,122855416,0.0143,1.6853146853146852,0.09081,63926,AD,TRUE,reported,NA,NA,NA,NA,NA,NA,NA,NA,5,122855416,0.0036,7.638888888888889,3.576e-12,173082,LDL,TRUE,reported,nEaIqP,2,TRUE
rs4722551,C,T,C,T,0.0391,-0.0161,0.1702,0.180677,FALSE,FALSE,FALSE,RQV0xS,7,25991826,0.0196,-0.821429,0.4126,63926,AD,TRUE,reported,NA,NA,NA,NA,NA,NA,NA,NA,7,25991826,0.0049,7.979591836734695,3.949e-14,173082,LDL,TRUE,reported,nEaIqP,2,TRUE
rs4942486,C,T,C,T,-0.0243,0.0074,0.5383,0.544993,FALSE,FALSE,FALSE,RQV0xS,13,32953388,0.0142,0.521127,0.6043,63926,AD,TRUE,reported,NA,NA,NA,NA,NA,NA,NA,NA,13,32953388,0.0037,-6.56757,2.261e-11,173082,LDL,TRUE,reported,nEaIqP,2,TRUE
rs4970712,C,A,C,A,0.0339,-0.0248,0.8061,0.826323,FALSE,FALSE,FALSE,RQV0xS,1,92993547,0.0177,-1.40113,0.1604,63926,AD,TRUE,reported,NA,NA,NA,NA,NA,NA,NA,NA,1,92993547,0.0044,7.704545454545454,2.458e-13,173082,LDL,TRUE,reported,nEaIqP,2,TRUE
rs4970834,T,C,T,C,-0.1503,-0.0096,0.1873,0.21361,FALSE,FALSE,FALSE,RQV0xS,1,109814880,0.0183,-0.5245901639344261,0.6003,63926,AD,TRUE,reported,NA,NA,NA,NA,NA,NA,NA,NA,1,109814880,0.0047,-31.9787,9.999999999999995e-201,173082,LDL,TRUE,reported,nEaIqP,2,TRUE
rs579459,C,T,C,T,0.0665,-0.0145,0.215,0.219521,FALSE,FALSE,FALSE,RQV0xS,9,136154168,0.0173,-0.83815,0.4033,63926,AD,TRUE,reported,NA,NA,NA,NA,NA,NA,NA,NA,9,136154168,0.0045,14.77777777777778,2.419e-44,173082,LDL,TRUE,reported,nEaIqP,2,TRUE
rs6016373,G,A,G,A,-0.0349,-0.014,0.3734,0.380901,FALSE,FALSE,FALSE,RQV0xS,20,39154095,0.015,-0.933333,0.35100000000000003,63926,AD,TRUE,reported,NA,NA,NA,NA,NA,NA,NA,NA,20,39154095,0.0037,-9.43243,7.946999999999998e-19,173082,LDL,TRUE,reported,nEaIqP,2,TRUE
rs6065311,C,T,C,T,0.0417,0.0013,0.4604,0.501089,FALSE,FALSE,FALSE,RQV0xS,20,39724338,0.0145,0.0896552,0.9278,63926,AD,TRUE,reported,NA,NA,NA,NA,NA,NA,NA,NA,20,39724338,0.0036,11.583333333333334,1.656e-30,173082,LDL,TRUE,reported,nEaIqP,2,TRUE
rs6511720,T,G,T,G,-0.2209,-0.0098,0.09763,0.0894412,FALSE,FALSE,FALSE,RQV0xS,19,11202306,0.0224,-0.4375,0.6599,63926,AD,TRUE,reported,NA,NA,NA,NA,NA,NA,NA,NA,19,11202306,0.0061,-36.2131,9.999999999999995e-201,173082,LDL,TRUE,reported,nEaIqP,2,TRUE
rs6544713,C,T,C,T,-0.0806,0.0258,0.7058,0.697459,FALSE,FALSE,FALSE,RQV0xS,2,44073881,0.0154,1.67532,0.09438,63926,AD,TRUE,reported,NA,NA,NA,NA,NA,NA,NA,NA,2,44073881,0.0041,-19.6585,4.8429999999999984e-83,173082,LDL,TRUE,reported,nEaIqP,2,TRUE
rs6709904,G,A,G,A,-0.055,-0.028,0.1135,0.099274,FALSE,FALSE,FALSE,RQV0xS,2,44080324,0.0222,-1.26126,0.2078,63926,AD,TRUE,reported,NA,NA,NA,NA,NA,NA,NA,NA,2,44080324,0.0085,-6.47059,4.577e-10,173082,LDL,TRUE,reported,nEaIqP,2,TRUE
rs676388,C,T,C,T,0.0265,0.0246,0.4631,0.409586,FALSE,FALSE,FALSE,RQV0xS,19,49211969,0.0145,1.69655,0.08849,63926,AD,TRUE,reported,NA,NA,NA,NA,NA,NA,NA,NA,19,49211969,0.0039,6.794871794871795,1.31e-11,173082,LDL,TRUE,reported,nEaIqP,2,TRUE
rs6818397,G,T,G,T,-0.0224,0.0154,0.5871,0.646514,FALSE,FALSE,FALSE,RQV0xS,4,3434885,0.015,1.02667,0.3067,63926,AD,TRUE,reported,NA,NA,NA,NA,NA,NA,NA,NA,4,3434885,0.004,-5.6,1.6769999999999997e-8,173082,LDL,TRUE,reported,nEaIqP,2,TRUE
rs6882076,C,T,C,T,0.0456,0.0083,0.6662,0.632716,FALSE,FALSE,FALSE,RQV0xS,5,156390297,0.0149,0.557047,0.5772,63926,AD,TRUE,reported,NA,NA,NA,NA,NA,NA,NA,NA,5,156390297,0.0038,12,3.3099999999999998e-31,173082,LDL,TRUE,reported,nEaIqP,2,TRUE
rs6909746,T,C,T,C,-0.0263,0.0216,0.3918,0.338903,FALSE,FALSE,FALSE,RQV0xS,6,116352750,0.0145,1.4896551724137932,0.1356,63926,AD,TRUE,reported,NA,NA,NA,NA,NA,NA,NA,NA,6,116352750,0.0037,-7.10811,7.859999999999999e-11,173082,LDL,TRUE,reported,nEaIqP,2,TRUE
rs7254892,A,G,A,G,-0.4853,-0.3995,0.03166,0.043494,FALSE,FALSE,FALSE,RQV0xS,19,45389596,0.046,-8.684782608695652,3.839e-18,63926,AD,TRUE,reported,NA,NA,NA,NA,NA,NA,NA,NA,19,45389596,0.0119,-40.7815,9.999999999999995e-201,173082,LDL,TRUE,reported,nEaIqP,2,TRUE
rs72902576,G,T,G,T,-0.0933,-0.0049,0.03694,0.0517928,FALSE,FALSE,FALSE,RQV0xS,2,21275480,0.0412,-0.118932,0.906,63926,AD,TRUE,reported,NA,NA,NA,NA,NA,NA,NA,NA,2,21275480,0.0133,-7.01504,9.576e-12,173082,LDL,TRUE,reported,nEaIqP,2,TRUE
rs7534572,G,C,G,C,0.0407,-0.0233,0.69,0.699132,FALSE,TRUE,FALSE,RQV0xS,1,62999675,0.0152,-1.53289,0.1257,63926,AD,TRUE,reported,NA,NA,NA,NA,NA,NA,NA,NA,1,62999675,0.0058,7.017241379310345,1.288e-11,173082,LDL,TRUE,reported,nEaIqP,2,TRUE
rs7551981,T,G,T,G,0.0472,-0.0306,0.595,0.626681,FALSE,FALSE,FALSE,RQV0xS,1,55719166,0.0147,-2.0816326530612246,0.03776,63926,AD,TRUE,reported,NA,NA,NA,NA,NA,NA,NA,NA,1,55719166,0.0038,12.421052631578949,1.3619999999999996e-33,173082,LDL,TRUE,reported,nEaIqP,2,TRUE
rs75687619,T,G,T,G,0.1735,0.9283,0.02375,0.0257713,FALSE,FALSE,FALSE,RQV0xS,19,45399344,0.0432,21.488425925925924,1.43e-102,63926,AD,TRUE,reported,NA,NA,NA,NA,NA,NA,NA,NA,19,45399344,0.0161,10.77639751552795,8.052e-24,173082,LDL,TRUE,reported,nEaIqP,2,TRUE
rs7640978,T,C,T,C,-0.0392,0.0029,0.1055,0.0689967,FALSE,FALSE,FALSE,RQV0xS,3,32533010,0.0254,0.11417322834645668,0.9094,63926,AD,TRUE,reported,NA,NA,NA,NA,NA,NA,NA,NA,3,32533010,0.0069,-5.68116,9.837e-9,173082,LDL,TRUE,reported,nEaIqP,2,TRUE
rs7832643,T,G,T,G,0.0339,0.0163,0.405,0.363421,FALSE,FALSE,FALSE,RQV0xS,8,145022657,0.0147,1.108843537414966,0.2686,63926,AD,TRUE,reported,NA,NA,NA,NA,NA,NA,NA,NA,8,145022657,0.0038,8.921052631578947,2.671e-17,173082,LDL,TRUE,reported,nEaIqP,2,TRUE
rs8017377,A,G,A,G,0.0303,0.0025,0.4591,0.447503,FALSE,FALSE,FALSE,RQV0xS,14,24883887,0.0146,0.17123287671232876,0.8614,63926,AD,TRUE,reported,NA,NA,NA,NA,NA,NA,NA,NA,14,24883887,0.0038,7.973684210526316,2.516e-15,173082,LDL,TRUE,reported,nEaIqP,2,TRUE
rs964184,C,G,C,G,-0.0855,-0.0053,NA,0.87105,FALSE,TRUE,TRUE,RQV0xS,11,116648917,0.0207,-0.2560386473429952,0.7973,63926,AD,TRUE,reported,NA,NA,NA,NA,NA,NA,NA,NA,11,116648917,0.0078,-10.9615,2.0080000000000003e-26,173082,LDL,TRUE,reported,nEaIqP,2,FALSE
rs9875338,A,G,A,G,-0.027,0.0105,0.3879,0.353804,FALSE,FALSE,FALSE,RQV0xS,3,12296469,0.0144,0.7291666666666667,0.4678,63926,AD,TRUE,reported,NA,NA,NA,NA,NA,NA,NA,NA,3,12296469,0.0037,-7.2973,2.2100000000000003e-11,173082,LDL,TRUE,reported,nEaIqP,2,TRUE
rs9989419,G,A,G,A,-0.0277,0,0.595,0.618727,FALSE,FALSE,FALSE,RQV0xS,16,56985139,0.0146,0,0.998,63926,AD,TRUE,reported,NA,NA,NA,NA,NA,NA,NA,NA,16,56985139,0.0039,-7.10256,2.4940000000000005e-12,173082,LDL,TRUE,reported,nEaIqP,2,TRUE
rs10019888,G,A,G,A,-0.027,0.0102,0.1636,0.138244,FALSE,FALSE,FALSE,RQV0xS,4,26062990,0.0191,0.534031,0.5927,63926,AD,TRUE,reported,NA,NA,NA,NA,NA,NA,NA,NA,4,26062990,0.0046,-5.86957,4.901e-8,187167,HDL,TRUE,reported,ToM9Jd,2,TRUE
rs103294,T,C,T,C,0.0523,0.0289,0.186,0.209742,FALSE,FALSE,FALSE,RQV0xS,19,54797848,0.0183,1.5792349726775956,0.1134,63926,AD,TRUE,reported,NA,NA,NA,NA,NA,NA,NA,NA,19,54797848,0.0044,11.886363636363637,3.9949999999999995e-30,187167,HDL,TRUE,reported,ToM9Jd,2,TRUE
rs10468017,T,C,T,C,0.1179,-0.0356,0.2757,0.272248,FALSE,FALSE,FALSE,RQV0xS,15,58678512,0.0159,-2.238993710691824,0.02541999999999999,63926,AD,TRUE,reported,NA,NA,NA,NA,NA,NA,NA,NA,15,58678512,0.0038,31.026315789473685,1.2099999999999994e-188,187167,HDL,TRUE,reported,ToM9Jd,2,TRUE
rs1047891,A,C,A,C,-0.0269,-0.0141,0.3021,0.31454,FALSE,FALSE,FALSE,RQV0xS,2,211540507,0.016,-0.88125,0.3791,63926,AD,TRUE,reported,NA,NA,NA,NA,NA,NA,NA,NA,2,211540507,0.0039,-6.89744,8.73e-10,187167,HDL,TRUE,reported,ToM9Jd,2,TRUE
rs10501321,C,T,C,T,0.0483,2e-4,0.314,0.321221,FALSE,FALSE,FALSE,RQV0xS,11,47294626,0.0155,0.0129032,0.9888,63926,AD,TRUE,reported,NA,NA,NA,NA,NA,NA,NA,NA,11,47294626,0.0036,13.416666666666668,3.540999999999999e-38,187167,HDL,TRUE,reported,ToM9Jd,2,TRUE
rs10761771,C,T,C,T,0.0198,-0.0093,0.467,0.5,FALSE,FALSE,FALSE,RQV0xS,10,65230164,0.0142,-0.65493,0.5133,63926,AD,TRUE,reported,NA,NA,NA,NA,NA,NA,NA,NA,10,65230164,0.0034,5.8235294117647065,4.120000000000001e-9,187167,HDL,TRUE,reported,ToM9Jd,2,TRUE
rs11045163,G,A,G,A,0.0217,0.0066,0.4063,0.430571,FALSE,FALSE,FALSE,RQV0xS,12,20463526,0.0148,0.445946,0.6538,63926,AD,TRUE,reported,NA,NA,NA,NA,NA,NA,NA,NA,12,20463526,0.0035,6.2,3.196e-9,187167,HDL,TRUE,reported,ToM9Jd,2,TRUE
rs11065987,G,A,G,A,-0.0222,-0.0057,0.4222,0.410407,FALSE,FALSE,FALSE,RQV0xS,12,112072424,0.0146,-0.390411,0.6979,63926,AD,TRUE,reported,NA,NA,NA,NA,NA,NA,NA,NA,12,112072424,0.0035,-6.34286,1.225e-9,187167,HDL,TRUE,reported,ToM9Jd,2,TRUE
rs11765979,C,A,C,A,0.0412,-0.0069,0.4578,0.494351,FALSE,FALSE,FALSE,RQV0xS,7,130445877,0.0146,-0.472603,0.6377,63926,AD,TRUE,reported,NA,NA,NA,NA,NA,NA,NA,NA,7,130445877,0.0048,8.583333333333334,3.111e-17,187167,HDL,TRUE,reported,ToM9Jd,2,TRUE
rs11789603,T,C,T,C,0.06,-2e-4,0.08971,0.101016,FALSE,FALSE,FALSE,RQV0xS,9,107647019,0.0232,-0.00862068965517241,0.9923,63926,AD,TRUE,reported,NA,NA,NA,NA,NA,NA,NA,NA,9,107647019,0.006,10,3.695e-21,187167,HDL,TRUE,reported,ToM9Jd,2,TRUE
rs12145743,G,T,G,T,0.0203,0.0243,0.3311,0.401089,FALSE,FALSE,FALSE,RQV0xS,1,156700651,0.015,1.62,0.1045,63926,AD,TRUE,reported,NA,NA,NA,NA,NA,NA,NA,NA,1,156700651,0.0036,5.638888888888888,1.803e-8,187167,HDL,TRUE,reported,ToM9Jd,2,TRUE
rs12412743,T,C,T,C,-0.0291,0.0017,0.153,0.187614,FALSE,FALSE,FALSE,RQV0xS,10,114045333,0.019,0.08947368421052632,0.9278,63926,AD,TRUE,reported,NA,NA,NA,NA,NA,NA,NA,NA,10,114045333,0.0045,-6.46667,1.307e-9,187167,HDL,TRUE,reported,ToM9Jd,2,TRUE
rs12748152,T,C,T,C,-0.0506,0.0207,0.07124,0.0683714,FALSE,FALSE,FALSE,RQV0xS,1,27138393,0.0265,0.7811320754716982,0.4358,63926,AD,TRUE,reported,NA,NA,NA,NA,NA,NA,NA,NA,1,27138393,0.0062,-8.16129,9.737e-16,187167,HDL,TRUE,reported,ToM9Jd,2,TRUE
rs13076253,C,A,C,A,-0.0283,0.0046,0.1478,0.136462,FALSE,FALSE,FALSE,RQV0xS,3,131751775,0.0203,0.226601,0.8197,63926,AD,TRUE,reported,NA,NA,NA,NA,NA,NA,NA,NA,3,131751775,0.0048,-5.89583,4.961e-9,187167,HDL,TRUE,reported,ToM9Jd,2,TRUE
rs13099479,A,G,A,G,0.036,0.0051,0.08971,0.0711951,FALSE,FALSE,FALSE,RQV0xS,3,52677478,0.0253,0.20158102766798425,0.8394,63926,AD,TRUE,reported,NA,NA,NA,NA,NA,NA,NA,NA,3,52677478,0.0062,5.806451612903227,1.819e-8,187167,HDL,TRUE,reported,ToM9Jd,2,TRUE
rs13107325,T,C,T,C,-0.0708,0.0202,0.07784,0.0473169,FALSE,FALSE,FALSE,RQV0xS,4,103188709,0.0273,0.7399267399267399,0.4607,63926,AD,TRUE,reported,NA,NA,NA,NA,NA,NA,NA,NA,4,103188709,0.0078,-9.07692,1.065e-15,187167,HDL,TRUE,reported,ToM9Jd,2,TRUE
rs1367117,A,G,A,G,-0.0223,0.0041,0.2876,0.292227,FALSE,FALSE,FALSE,RQV0xS,2,21263900,0.0157,0.2611464968152867,0.7935,63926,AD,TRUE,reported,NA,NA,NA,NA,NA,NA,NA,NA,2,21263900,0.0037,-6.02703,7.592e-9,187167,HDL,TRUE,reported,ToM9Jd,2,TRUE
rs13702,C,T,C,T,0.1058,0.0079,0.3127,0.268952,FALSE,FALSE,FALSE,RQV0xS,8,19824492,0.0154,0.512987,0.6064,63926,AD,TRUE,reported,NA,NA,NA,NA,NA,NA,NA,NA,8,19824492,0.0038,27.842105263157897,1.2799999999999995e-160,187167,HDL,TRUE,reported,ToM9Jd,2,TRUE
rs1515110,T,G,T,G,-0.0323,0.0105,0.6187,0.622772,FALSE,FALSE,FALSE,RQV0xS,2,227122216,0.0147,0.7142857142857143,0.4759,63926,AD,TRUE,reported,NA,NA,NA,NA,NA,NA,NA,NA,2,227122216,0.0035,-9.22857,8.038e-18,187167,HDL,TRUE,reported,ToM9Jd,2,TRUE
rs1689797,A,C,A,C,-0.0358,0.0139,0.3021,0.318611,FALSE,FALSE,FALSE,RQV0xS,1,182150978,0.015,0.9266666666666666,0.354,63926,AD,TRUE,reported,NA,NA,NA,NA,NA,NA,NA,NA,1,182150978,0.0036,-9.94444,2.8520000000000003e-21,187167,HDL,TRUE,reported,ToM9Jd,2,TRUE
rs16942887,A,G,A,G,0.0831,0.011,0.1332,0.155592,FALSE,FALSE,FALSE,RQV0xS,16,67928042,0.0218,0.5045871559633028,0.61240000000000006,63926,AD,TRUE,reported,NA,NA,NA,NA,NA,NA,NA,NA,16,67928042,0.0051,16.294117647058822,8.281000000000001e-54,187167,HDL,TRUE,reported,ToM9Jd,2,TRUE
rs16965220,A,C,A,C,0.0219,0.0087,0.2982,0.296749,FALSE,FALSE,FALSE,RQV0xS,16,57065121,0.0153,0.5686274509803921,0.5688,63926,AD,TRUE,reported,NA,NA,NA,NA,NA,NA,NA,NA,16,57065121,0.0037,5.918918918918918,7.909e-9,187167,HDL,TRUE,reported,ToM9Jd,2,TRUE
rs17145738,T,C,T,C,0.0408,0.0038,0.1174,0.132668,FALSE,FALSE,FALSE,RQV0xS,7,72982874,0.0223,0.17040358744394618,0.8652,63926,AD,TRUE,reported,NA,NA,NA,NA,NA,NA,NA,NA,7,72982874,0.0053,7.698113207547171,4.952e-13,187167,HDL,TRUE,reported,ToM9Jd,2,TRUE
rs17173637,C,T,C,T,-0.0363,0.0114,0.09763,0.112319,FALSE,FALSE,FALSE,RQV0xS,7,150529449,0.0252,0.452381,0.6518,63926,AD,TRUE,reported,NA,NA,NA,NA,NA,NA,NA,NA,7,150529449,0.0057,-6.36842,1.899e-8,187167,HDL,TRUE,reported,ToM9Jd,2,TRUE
rs174583,T,C,T,C,-0.0387,-0.0102,0.3747,0.360044,FALSE,FALSE,FALSE,RQV0xS,11,61609750,0.0151,-0.6754966887417219,0.4971,63926,AD,TRUE,reported,NA,NA,NA,NA,NA,NA,NA,NA,11,61609750,0.0035,-11.0571,1.19e-26,187167,HDL,TRUE,reported,ToM9Jd,2,TRUE
rs181362,T,C,T,C,-0.0379,-0.044,0.1992,0.185326,FALSE,FALSE,FALSE,RQV0xS,22,21932068,0.0153,-2.8758169934640527,0.004107,82771,AD,TRUE,reported,NA,NA,NA,NA,NA,NA,NA,NA,22,21932068,0.0042,-9.02381,4.303e-18,187167,HDL,TRUE,reported,ToM9Jd,2,TRUE
rs1866956,T,C,T,C,0.0217,0.0087,0.6755,0.648909,FALSE,FALSE,FALSE,RQV0xS,8,19748921,0.0154,0.5649350649350648,0.5732,63926,AD,TRUE,reported,NA,NA,NA,NA,NA,NA,NA,NA,8,19748921,0.0037,5.864864864864865,7.964000000000001e-10,187167,HDL,TRUE,reported,ToM9Jd,2,TRUE
rs1883025,T,C,T,C,-0.0698,0.0347,0.2427,0.216334,FALSE,FALSE,FALSE,RQV0xS,9,107664301,0.0138,2.5144927536231885,0.01205,82771,AD,TRUE,reported,NA,NA,NA,NA,NA,NA,NA,NA,9,107664301,0.0041,-17.0244,1.496e-65,187167,HDL,TRUE,reported,ToM9Jd,2,TRUE
rs1936800,T,C,T,C,-0.02,-5e-4,0.4723,0.530523,FALSE,FALSE,FALSE,RQV0xS,6,127436064,0.0144,-0.03472222222222222,0.9729,63926,AD,TRUE,reported,NA,NA,NA,NA,NA,NA,NA,NA,6,127436064,0.0034,-5.88235,3.0550000000000003e-10,187167,HDL,TRUE,reported,ToM9Jd,2,TRUE
rs2013208,T,C,T,C,0.0254,-0.01,0.5053,0.49764,FALSE,FALSE,FALSE,RQV0xS,3,50129399,0.0143,-0.6993006993006993,0.4831,63926,AD,TRUE,reported,NA,NA,NA,NA,NA,NA,NA,NA,3,50129399,0.0036,7.055555555555555,8.916e-12,187167,HDL,TRUE,reported,ToM9Jd,2,TRUE
rs205262,G,A,G,A,-0.0283,0.0048,0.2665,0.263455,FALSE,FALSE,FALSE,RQV0xS,6,34563164,0.0159,0.301887,0.7638,63926,AD,TRUE,reported,NA,NA,NA,NA,NA,NA,NA,NA,6,34563164,0.0039,-7.25641,3.878e-13,187167,HDL,TRUE,reported,ToM9Jd,2,TRUE
rs2066714,C,T,C,T,0.0453,-0.0377,0.1201,0.094521,FALSE,FALSE,FALSE,RQV0xS,9,107586753,0.0208,-1.8125,0.07022,63926,AD,TRUE,reported,NA,NA,NA,NA,NA,NA,NA,NA,9,107586753,0.0071,6.380281690140845,7.257999999999998e-10,187167,HDL,TRUE,reported,ToM9Jd,2,TRUE
rs2241210,G,A,G,A,0.0332,0.0116,0.5528,0.570829,FALSE,FALSE,FALSE,RQV0xS,12,109950144,0.0142,0.816901,0.4118,63926,AD,TRUE,reported,NA,NA,NA,NA,NA,NA,NA,NA,12,109950144,0.0035,9.485714285714286,2.4889999999999994e-20,187167,HDL,TRUE,reported,ToM9Jd,2,TRUE
rs2241770,C,T,C,T,-0.0989,-0.006,0.1029,0.0913043,FALSE,FALSE,FALSE,RQV0xS,16,56866196,0.024,-0.25,0.8032,63926,AD,TRUE,reported,NA,NA,NA,NA,NA,NA,NA,NA,16,56866196,0.0057,-17.3509,6.784000000000002e-60,187167,HDL,TRUE,reported,ToM9Jd,2,TRUE
rs2250802,A,G,A,G,-0.034,-0.0091,0.6807,0.733479,FALSE,FALSE,FALSE,RQV0xS,10,113921354,0.0156,-0.5833333333333334,0.5599,63926,AD,TRUE,reported,NA,NA,NA,NA,NA,NA,NA,NA,10,113921354,0.0038,-8.94737,2.022e-17,187167,HDL,TRUE,reported,ToM9Jd,2,TRUE
rs2293889,G,T,G,T,0.0312,0.0254,0.5871,0.587028,FALSE,FALSE,FALSE,RQV0xS,8,116599199,0.0145,1.75172,0.0785,63926,AD,TRUE,reported,NA,NA,NA,NA,NA,NA,NA,NA,8,116599199,0.0035,8.914285714285713,4.270999999999999e-17,187167,HDL,TRUE,reported,ToM9Jd,2,TRUE
rs2454722,G,A,G,A,0.0351,-0.0287,0.1451,0.187885,FALSE,FALSE,FALSE,RQV0xS,12,123171218,0.0182,-1.57692,0.1148,63926,AD,TRUE,reported,NA,NA,NA,NA,NA,NA,NA,NA,12,123171218,0.0044,7.977272727272727,3.308e-14,187167,HDL,TRUE,reported,ToM9Jd,2,TRUE
rs2602836,G,A,G,A,-0.0192,0.0161,0.5726,0.579215,FALSE,FALSE,FALSE,RQV0xS,4,100014805,0.0146,1.10274,0.2698,63926,AD,TRUE,reported,NA,NA,NA,NA,NA,NA,NA,NA,4,100014805,0.0034,-5.64706,4.963999999999999e-8,187167,HDL,TRUE,reported,ToM9Jd,2,TRUE
rs2606736,T,C,T,C,-0.0246,-0.016,0.6055,0.605445,FALSE,FALSE,FALSE,RQV0xS,3,11400249,0.0147,-1.08843537414966,0.2747,63926,AD,TRUE,reported,NA,NA,NA,NA,NA,NA,NA,NA,3,11400249,0.0043,-5.72093,4.7989999999999995e-8,187167,HDL,TRUE,reported,ToM9Jd,2,TRUE
rs2642438,G,A,G,A,0.0303,0.0154,0.7454,0.687908,FALSE,FALSE,FALSE,RQV0xS,1,220970028,0.0165,0.933333,0.3482,63926,AD,TRUE,reported,NA,NA,NA,NA,NA,NA,NA,NA,1,220970028,0.0039,7.76923076923077,7.781e-14,187167,HDL,TRUE,reported,ToM9Jd,2,TRUE
rs2925979,C,T,C,T,0.0351,0.0067,0.7045,0.705978,FALSE,FALSE,FALSE,RQV0xS,16,81534790,0.0157,0.426752,0.6711,63926,AD,TRUE,reported,NA,NA,NA,NA,NA,NA,NA,NA,16,81534790,0.0037,9.486486486486486,1.321e-19,187167,HDL,TRUE,reported,ToM9Jd,2,TRUE
rs2954029,T,A,T,A,0.0401,0.0039,0.4683,0.48702999999999996,FALSE,TRUE,TRUE,RQV0xS,8,126490972,0.0143,-0.272727,0.7837,63926,AD,TRUE,reported,NA,NA,NA,NA,NA,NA,NA,NA,8,126490972,0.0034,11.794117647058822,2.674e-29,187167,HDL,TRUE,reported,ToM9Jd,2,FALSE
rs3741414,T,C,T,C,0.0296,1e-4,0.1913,0.227025,FALSE,FALSE,FALSE,RQV0xS,12,57844049,0.0173,0.00578034682080924,0.9966,63926,AD,TRUE,reported,NA,NA,NA,NA,NA,NA,NA,NA,12,57844049,0.004,7.4,6.095e-14,187167,HDL,TRUE,reported,ToM9Jd,2,TRUE
rs3822072,A,G,A,G,-0.0251,0.0065,0.4881,0.524147,FALSE,FALSE,FALSE,RQV0xS,4,89741269,0.0143,0.4545454545454546,0.6499,63926,AD,TRUE,reported,NA,NA,NA,NA,NA,NA,NA,NA,4,89741269,0.0034,-7.38235,4.058e-12,187167,HDL,TRUE,reported,ToM9Jd,2,TRUE
rs3861397,G,A,G,A,-0.024,0.0103,0.3417,0.356623,FALSE,FALSE,FALSE,RQV0xS,6,139828916,0.0154,0.668831,0.5045,63926,AD,TRUE,reported,NA,NA,NA,NA,NA,NA,NA,NA,6,139828916,0.0036,-6.66667,8.401e-11,187167,HDL,TRUE,reported,ToM9Jd,2,TRUE
rs4142995,T,G,T,G,-0.0263,-0.0093,0.3839,0.39793,FALSE,FALSE,FALSE,RQV0xS,7,17919258,0.0145,-0.6413793103448275,0.5209,63926,AD,TRUE,reported,NA,NA,NA,NA,NA,NA,NA,NA,7,17919258,0.0037,-7.10811,9.365e-12,187167,HDL,TRUE,reported,ToM9Jd,2,TRUE
rs4148005,G,T,G,T,-0.0283,0.0033,0.2995,0.25445,FALSE,FALSE,FALSE,RQV0xS,17,66882466,0.0151,0.218543,0.8248,63926,AD,TRUE,reported,NA,NA,NA,NA,NA,NA,NA,NA,17,66882466,0.0036,-7.86111,5.743e-14,187167,HDL,TRUE,reported,ToM9Jd,2,TRUE
rs4240624,A,G,A,G,0.0818,-0.0266,0.9248,0.911434,FALSE,FALSE,FALSE,RQV0xS,8,9184231,0.0256,-1.0390625,0.2984,63926,AD,TRUE,reported,NA,NA,NA,NA,NA,NA,NA,NA,8,9184231,0.0058,14.10344827586207,1.323e-45,187167,HDL,TRUE,reported,ToM9Jd,2,TRUE
rs424346,T,C,T,C,0.0679,-0.0789,0.04881,0.0367887,FALSE,FALSE,FALSE,RQV0xS,15,59010962,0.0404,-1.952970297029703,0.05071,63926,AD,TRUE,reported,NA,NA,NA,NA,NA,NA,NA,NA,15,59010962,0.0113,6.008849557522124,4.84e-8,187167,HDL,TRUE,reported,ToM9Jd,2,TRUE
rs4379922,C,T,C,T,0.0247,-0.0153,0.3496,0.323208,FALSE,FALSE,FALSE,RQV0xS,12,125351116,0.0152,-1.00658,0.3152,63926,AD,TRUE,reported,NA,NA,NA,NA,NA,NA,NA,NA,12,125351116,0.0036,6.861111111111112,9.559e-12,187167,HDL,TRUE,reported,ToM9Jd,2,TRUE
rs4465830,G,A,G,A,-0.0597,0.0089,0.2018,0.18117,FALSE,FALSE,FALSE,RQV0xS,20,44585420,0.0182,0.489011,0.6261,63926,AD,TRUE,reported,NA,NA,NA,NA,NA,NA,NA,NA,20,44585420,0.0044,-13.5682,5.174999999999999e-40,187167,HDL,TRUE,reported,ToM9Jd,2,TRUE
rs4650994,A,G,A,G,-0.021,0.0129,0.4828,0.499818,FALSE,FALSE,FALSE,RQV0xS,1,178515312,0.0142,0.908450704225352,0.3626,63926,AD,TRUE,reported,NA,NA,NA,NA,NA,NA,NA,NA,1,178515312,0.0034,-6.17647,6.696e-9,187167,HDL,TRUE,reported,ToM9Jd,2,TRUE
rs4660293,G,A,G,A,-0.0353,0.0149,0.2361,0.253442,FALSE,FALSE,FALSE,RQV0xS,1,40028180,0.0167,0.892216,0.3717,63926,AD,TRUE,reported,NA,NA,NA,NA,NA,NA,NA,NA,1,40028180,0.004,-8.825,2.863e-18,187167,HDL,TRUE,reported,ToM9Jd,2,TRUE
rs4846914,A,G,A,G,0.0479,0.0049,0.5844,0.622259,FALSE,FALSE,FALSE,RQV0xS,1,230295691,0.015,0.32666666666666666,0.7448,63926,AD,TRUE,reported,NA,NA,NA,NA,NA,NA,NA,NA,1,230295691,0.0034,14.088235294117649,3.513e-41,187167,HDL,TRUE,reported,ToM9Jd,2,TRUE
rs492571,C,T,C,T,-0.0663,0.0071,0.04222,0.0369699,FALSE,FALSE,FALSE,RQV0xS,15,44211273,0.0336,0.21131,0.8319,63926,AD,TRUE,reported,NA,NA,NA,NA,NA,NA,NA,NA,15,44211273,0.009,-7.36667,1.2649999999999998e-12,187167,HDL,TRUE,reported,ToM9Jd,2,TRUE
rs4939883,C,T,C,T,0.0799,-0.0046,0.8193,0.808224,FALSE,FALSE,FALSE,RQV0xS,18,47167214,0.0192,-0.239583,0.8103,63926,AD,TRUE,reported,NA,NA,NA,NA,NA,NA,NA,NA,18,47167214,0.0045,17.755555555555556,1.7959999999999997e-66,187167,HDL,TRUE,reported,ToM9Jd,2,TRUE
rs4969178,G,A,G,A,0.0263,0.0072,0.6266,0.664244,FALSE,FALSE,FALSE,RQV0xS,17,76388202,0.0146,0.493151,0.6246,63926,AD,TRUE,reported,NA,NA,NA,NA,NA,NA,NA,NA,17,76388202,0.0035,7.514285714285714,1.5319999999999997e-12,187167,HDL,TRUE,reported,ToM9Jd,2,TRUE
rs4970834,T,C,T,C,0.0254,-0.0096,0.1873,0.21361,FALSE,FALSE,FALSE,RQV0xS,1,109814880,0.0183,-0.5245901639344261,0.6003,63926,AD,TRUE,reported,NA,NA,NA,NA,NA,NA,NA,NA,1,109814880,0.0044,5.7727272727272725,1.765e-8,187167,HDL,TRUE,reported,ToM9Jd,2,TRUE
rs4983559,A,G,A,G,-0.0197,0.0213,0.6227,0.576318,FALSE,FALSE,FALSE,RQV0xS,14,105277209,0.0148,1.439189189189189,0.1489,63926,AD,TRUE,reported,NA,NA,NA,NA,NA,NA,NA,NA,14,105277209,0.0036,-5.47222,9.565e-9,187167,HDL,TRUE,reported,ToM9Jd,2,TRUE
rs499974,A,C,A,C,-0.0263,-0.0163,0.1755,0.202614,FALSE,FALSE,FALSE,RQV0xS,11,75455021,0.0188,-0.8670212765957446,0.3879,63926,AD,TRUE,reported,NA,NA,NA,NA,NA,NA,NA,NA,11,75455021,0.0044,-5.97727,1.12e-8,187167,HDL,TRUE,reported,ToM9Jd,2,TRUE
rs633695,G,A,G,A,0.0885,0.0029,0.285,0.278081,FALSE,FALSE,FALSE,RQV0xS,15,58725839,0.0156,0.185897,0.8539,63926,AD,TRUE,reported,NA,NA,NA,NA,NA,NA,NA,NA,15,58725839,0.0054,16.388888888888886,7.82e-58,187167,HDL,TRUE,reported,ToM9Jd,2,TRUE
rs6450176,A,G,A,G,-0.0254,0.0036,0.2784,0.221234,FALSE,FALSE,FALSE,RQV0xS,5,53298025,0.0163,0.22085889570552147,0.8265,63926,AD,TRUE,reported,NA,NA,NA,NA,NA,NA,NA,NA,5,53298025,0.0039,-6.51282,6.875000000000001e-10,187167,HDL,TRUE,reported,ToM9Jd,2,TRUE
rs6567160,C,T,C,T,-0.0257,-0.0334,0.2309,0.198839,FALSE,FALSE,FALSE,RQV0xS,18,57829135,0.0169,-1.97633,0.04773,63926,AD,TRUE,reported,NA,NA,NA,NA,NA,NA,NA,NA,18,57829135,0.0041,-6.26829,2.918e-9,187167,HDL,TRUE,reported,ToM9Jd,2,TRUE
rs6805251,C,T,C,T,-0.02,0.015,0.6187,0.565856,FALSE,FALSE,FALSE,RQV0xS,3,119560606,0.0145,1.03448,0.3009,63926,AD,TRUE,reported,NA,NA,NA,NA,NA,NA,NA,NA,3,119560606,0.0035,-5.71429,1.3319999999999998e-8,187167,HDL,TRUE,reported,ToM9Jd,2,TRUE
rs686030,A,C,A,C,0.055,-0.0179,0.8588,0.854288,FALSE,FALSE,FALSE,RQV0xS,9,15304782,0.0214,-0.8364485981308412,0.404,63926,AD,TRUE,reported,NA,NA,NA,NA,NA,NA,NA,NA,9,15304782,0.0049,11.224489795918368,4.292e-27,187167,HDL,TRUE,reported,ToM9Jd,2,TRUE
rs687339,T,C,T,C,-0.0316,-0.0342,0.7665,0.818643,FALSE,FALSE,FALSE,RQV0xS,3,135932359,0.0169,-2.0236686390532546,0.04305,63926,AD,TRUE,reported,NA,NA,NA,NA,NA,NA,NA,NA,3,135932359,0.0042,-7.52381,7.108e-13,187167,HDL,TRUE,reported,ToM9Jd,2,TRUE
rs702485,G,A,G,A,0.0243,-0.0399,0.4499,0.445877,FALSE,FALSE,FALSE,RQV0xS,7,6449272,0.0143,-2.79021,0.005413,63926,AD,TRUE,reported,NA,NA,NA,NA,NA,NA,NA,NA,7,6449272,0.0034,7.147058823529412,6.450000000000001e-12,187167,HDL,TRUE,reported,ToM9Jd,2,TRUE
rs7306660,A,G,A,G,-0.0345,-0.0108,0.3694,0.310683,FALSE,FALSE,FALSE,RQV0xS,12,125327384,0.0151,-0.7152317880794702,0.4735,63926,AD,TRUE,reported,NA,NA,NA,NA,NA,NA,NA,NA,12,125327384,0.0036,-9.58333,3.3409999999999997e-19,187167,HDL,TRUE,reported,ToM9Jd,2,TRUE
rs731839,A,G,A,G,0.022,-0.0108,0.6583,0.6709,FALSE,FALSE,FALSE,RQV0xS,19,33899065,0.0152,-0.7105263157894737,0.4794,63926,AD,TRUE,reported,NA,NA,NA,NA,NA,NA,NA,NA,19,33899065,0.0037,5.9459459459459465,3.441e-9,187167,HDL,TRUE,reported,ToM9Jd,2,TRUE
rs737337,C,T,C,T,-0.0565,0.021,0.0686,0.0980321,FALSE,FALSE,FALSE,RQV0xS,19,11347493,0.0269,0.780669,0.4346,63926,AD,TRUE,reported,NA,NA,NA,NA,NA,NA,NA,NA,19,11347493,0.0061,-9.2623,4.563999999999999e-17,187167,HDL,TRUE,reported,ToM9Jd,2,TRUE
rs75687619,T,G,T,G,-0.0942,0.9283,0.02375,0.0257713,FALSE,FALSE,FALSE,RQV0xS,19,45399344,0.0432,21.488425925925924,1.43e-102,63926,AD,TRUE,reported,NA,NA,NA,NA,NA,NA,NA,NA,19,45399344,0.0152,-6.19737,8.881e-9,187167,HDL,TRUE,reported,ToM9Jd,2,TRUE
rs7607980,C,T,C,T,0.0447,0.0039,0.1491,0.123634,FALSE,FALSE,FALSE,RQV0xS,2,165551201,0.0213,0.183099,0.8555,63926,AD,TRUE,reported,NA,NA,NA,NA,NA,NA,NA,NA,2,165551201,0.0052,8.596153846153847,1.807e-15,187167,HDL,TRUE,reported,ToM9Jd,2,TRUE
rs838876,G,A,G,A,-0.0493,0.0041,0.6741,0.658727,FALSE,FALSE,FALSE,RQV0xS,12,125259888,0.0156,0.262821,0.7955,63926,AD,TRUE,reported,NA,NA,NA,NA,NA,NA,NA,NA,12,125259888,0.0039,-12.641,7.325e-33,187167,HDL,TRUE,reported,ToM9Jd,2,TRUE
rs931992,T,G,T,G,0.034,0.0183,0.6755,0.652808,FALSE,FALSE,FALSE,RQV0xS,17,37821435,0.015,1.22,0.2229,63926,AD,TRUE,reported,NA,NA,NA,NA,NA,NA,NA,NA,17,37821435,0.0036,9.444444444444445,5.447e-20,187167,HDL,TRUE,reported,ToM9Jd,2,TRUE
rs964184,C,G,C,G,0.1065,-0.0053,NA,0.87105,FALSE,TRUE,TRUE,RQV0xS,11,116648917,0.0207,-0.2560386473429952,0.7973,63926,AD,TRUE,reported,NA,NA,NA,NA,NA,NA,NA,NA,11,116648917,0.0071,14.999999999999998,6.086e-48,187167,HDL,TRUE,reported,ToM9Jd,2,FALSE
rs970548,C,A,C,A,0.0258,0.0077,0.277,0.256075,FALSE,FALSE,FALSE,RQV0xS,10,46013277,0.0164,0.469512,0.6375,63926,AD,TRUE,reported,NA,NA,NA,NA,NA,NA,NA,NA,10,46013277,0.0039,6.615384615384616,1.7059999999999998e-10,187167,HDL,TRUE,reported,ToM9Jd,2,TRUE
rs998584,A,C,A,C,-0.026,-0.0172,0.5145,0.490545,FALSE,FALSE,FALSE,RQV0xS,6,43757896,0.0154,-1.1168831168831168,0.2647,63926,AD,TRUE,reported,NA,NA,NA,NA,NA,NA,NA,NA,6,43757896,0.0038,-6.84211,2.269e-11,187167,HDL,TRUE,reported,ToM9Jd,2,TRUE
rs9989419,G,A,G,A,0.1473,0,0.595,0.618727,FALSE,FALSE,FALSE,RQV0xS,16,56985139,0.0146,0,0.998,63926,AD,TRUE,reported,NA,NA,NA,NA,NA,NA,NA,NA,16,56985139,0.0036,40.916666666666664,9.999999999999995e-201,187167,HDL,TRUE,reported,ToM9Jd,2,TRUE
