SNP,effect_allele.exposure,other_allele.exposure,effect_allele.outcome,other_allele.outcome,beta.exposure,beta.outcome,eaf.exposure,eaf.outcome,remove,palindromic,ambiguous,id.outcome,chr.outcome,pos.outcome,se.outcome,z.outcome,pval.outcome,samplesize.outcome,outcome,mr_keep.outcome,pval_origin.outcome,proxy.outcome,target_snp.outcome,proxy_snp.outcome,target_a1.outcome,proxy_a1.outcome,target_a2.outcome,proxy_a2.outcome,chr.exposure,pos.exposure,se.exposure,z.exposure,pval.exposure,samplesize.exposure,exposure,mr_keep.exposure,pval_origin.exposure,id.exposure,action,mr_keep
rs10088180,G,A,G,A,-0.0228,-0.0279,0.6781,0.721618,FALSE,FALSE,FALSE,t9ZCkZ,8,18228116,0.0161,-1.73292,0.08292000000000001,63926,outcome,TRUE,reported,NA,NA,NA,NA,NA,NA,NA,8,18228116,0.004,-5.7,6.017999999999998e-10,187365,exposure,TRUE,reported,8PPgCb,2,TRUE
rs10468017,T,C,T,C,0.0617,-0.0356,0.2757,0.272248,FALSE,FALSE,FALSE,t9ZCkZ,15,58678512,0.0159,-2.238993710691824,0.02541999999999999,63926,outcome,TRUE,reported,NA,NA,NA,NA,NA,NA,NA,15,58678512,0.004,15.425,7.232e-48,187365,exposure,TRUE,reported,8PPgCb,2,TRUE
rs10773003,A,G,A,G,0.0369,-0.03,0.08839,0.107897,FALSE,FALSE,FALSE,t9ZCkZ,12,123775127,0.0243,-1.2345679012345678,0.2185,63926,outcome,TRUE,reported,NA,NA,NA,NA,NA,NA,NA,12,123775127,0.0058,6.362068965517242,4.083e-9,187365,exposure,TRUE,reported,8PPgCb,2,TRUE
rs10832962,T,C,T,C,0.0315,0.0049,0.719,0.679861,FALSE,FALSE,FALSE,t9ZCkZ,11,18656271,0.0164,0.29878048780487804,0.7654,63926,outcome,TRUE,reported,NA,NA,NA,NA,NA,NA,NA,11,18656271,0.0039,8.076923076923077,1.539e-14,187365,exposure,TRUE,reported,8PPgCb,2,TRUE
rs10900221,A,G,A,G,0.0255,0.0085,0.2731,0.253536,FALSE,FALSE,FALSE,t9ZCkZ,10,45988597,0.0166,0.5120481927710844,0.6059,63926,outcome,TRUE,reported,NA,NA,NA,NA,NA,NA,NA,10,45988597,0.0041,6.2195121951219505,7.963e-9,187365,exposure,TRUE,reported,8PPgCb,2,TRUE
rs10904908,G,A,G,A,0.025,0.019,0.4538,0.407751,FALSE,FALSE,FALSE,t9ZCkZ,10,17260290,0.0145,1.31034,0.1895,63926,outcome,TRUE,reported,NA,NA,NA,NA,NA,NA,NA,10,17260290,0.0036,6.944444444444445,2.601e-11,187365,exposure,TRUE,reported,8PPgCb,2,TRUE
rs11153594,T,C,T,C,-0.029,0.0216,0.3918,0.338792,FALSE,FALSE,FALSE,t9ZCkZ,6,116354591,0.0145,1.4896551724137932,0.136,63926,outcome,TRUE,reported,NA,NA,NA,NA,NA,NA,NA,6,116354591,0.0036,-8.05556,1.266e-14,187365,exposure,TRUE,reported,8PPgCb,2,TRUE
rs112201728,T,C,T,C,0.0581,-0.0573,0.05805,0.0874456,FALSE,FALSE,FALSE,t9ZCkZ,6,160551486,0.0278,-2.0611510791366907,0.03959,63926,outcome,TRUE,reported,NA,NA,NA,NA,NA,NA,NA,6,160551486,0.0099,5.8686868686868685,1.195e-8,187365,exposure,TRUE,reported,8PPgCb,2,TRUE
rs11220462,A,G,A,G,0.0474,0.017,0.1425,0.159405,FALSE,FALSE,FALSE,t9ZCkZ,11,126243952,0.0209,0.813397129186603,0.4156,63926,outcome,TRUE,reported,NA,NA,NA,NA,NA,NA,NA,11,126243952,0.0058,8.172413793103448,5.4869999999999994e-15,187365,exposure,TRUE,reported,8PPgCb,2,TRUE
rs11563251,T,C,T,C,0.0368,0.0176,0.1253,0.0817817,FALSE,FALSE,FALSE,t9ZCkZ,2,234679384,0.0235,0.748936170212766,0.4543,63926,outcome,TRUE,reported,NA,NA,NA,NA,NA,NA,NA,2,234679384,0.0059,6.237288135593221,1.266e-9,187365,exposure,TRUE,reported,8PPgCb,2,TRUE
rs11591147,T,G,T,G,-0.3341,0.0304,0.01715,0.0152119,FALSE,FALSE,FALSE,t9ZCkZ,1,55505647,0.0775,0.39225806451612905,0.6952,63926,outcome,TRUE,reported,NA,NA,NA,NA,NA,NA,NA,1,55505647,0.0173,-19.3121,8.826999999999997e-86,187365,exposure,TRUE,reported,8PPgCb,2,TRUE
rs11694172,G,A,G,A,0.0277,0.0236,0.2164,0.214052,FALSE,FALSE,FALSE,t9ZCkZ,2,203532304,0.0164,1.43902,0.1499,63926,outcome,TRUE,reported,NA,NA,NA,NA,NA,NA,NA,2,203532304,0.0041,6.756097560975609,1.951e-9,187365,exposure,TRUE,reported,8PPgCb,2,TRUE
rs11753995,A,G,A,G,0.0489,0.004,0.1464,0.152435,FALSE,FALSE,FALSE,t9ZCkZ,6,160575366,0.0195,0.20512820512820512,0.8375,63926,outcome,TRUE,reported,NA,NA,NA,NA,NA,NA,NA,6,160575366,0.0048,10.1875,1.839e-23,187365,exposure,TRUE,reported,8PPgCb,2,TRUE
rs11789603,T,C,T,C,0.0427,-2e-4,0.08971,0.101016,FALSE,FALSE,FALSE,t9ZCkZ,9,107647019,0.0232,-0.00862068965517241,0.9923,63926,outcome,TRUE,reported,NA,NA,NA,NA,NA,NA,NA,9,107647019,0.0062,6.887096774193549,1.439e-11,187365,exposure,TRUE,reported,8PPgCb,2,TRUE
rs11802413,T,C,T,C,0.0287,0.0016,0.5369,0.542619,FALSE,FALSE,FALSE,t9ZCkZ,1,25760920,0.0142,0.11267605633802816,0.9094,63926,outcome,TRUE,reported,NA,NA,NA,NA,NA,NA,NA,1,25760920,0.0035,8.2,1.576e-14,187365,exposure,TRUE,reported,8PPgCb,2,TRUE
rs12412743,T,C,T,C,-0.0298,0.0017,0.153,0.187614,FALSE,FALSE,FALSE,t9ZCkZ,10,114045333,0.019,0.08947368421052632,0.9278,63926,outcome,TRUE,reported,NA,NA,NA,NA,NA,NA,NA,10,114045333,0.0047,-6.34043,6.976000000000001e-10,187365,exposure,TRUE,reported,8PPgCb,2,TRUE
rs12670798,C,T,C,T,0.0364,-9e-4,0.2243,0.245375,FALSE,FALSE,FALSE,t9ZCkZ,7,21607352,0.017,-0.0529412,0.9583,63926,outcome,TRUE,reported,NA,NA,NA,NA,NA,NA,NA,7,21607352,0.0041,8.878048780487804,9.478e-17,187365,exposure,TRUE,reported,8PPgCb,2,TRUE
rs12916,C,T,C,T,0.0684,-0.0074,0.4314,0.439586,FALSE,FALSE,FALSE,t9ZCkZ,5,74656539,0.0146,-0.506849,0.614,63926,outcome,TRUE,reported,NA,NA,NA,NA,NA,NA,NA,5,74656539,0.0036,19,4.546999999999999e-74,187365,exposure,TRUE,reported,8PPgCb,2,TRUE
rs13315871,A,G,A,G,-0.0355,-7e-4,0.08047,0.0913374,FALSE,FALSE,FALSE,t9ZCkZ,3,58381287,0.0243,-0.02880658436213992,0.9786,63926,outcome,TRUE,reported,NA,NA,NA,NA,NA,NA,NA,3,58381287,0.0061,-5.81967,3.48e-8,187365,exposure,TRUE,reported,8PPgCb,2,TRUE
rs138777,G,A,G,A,-0.0214,0.0045,0.6517,0.64442,FALSE,FALSE,FALSE,t9ZCkZ,22,35711098,0.0151,0.298013,0.7632,63926,outcome,TRUE,reported,NA,NA,NA,NA,NA,NA,NA,22,35711098,0.0037,-5.78378,4.74e-8,187365,exposure,TRUE,reported,8PPgCb,2,TRUE
rs1535,G,A,G,A,-0.0497,-0.0139,0.3628,0.354704,FALSE,FALSE,FALSE,t9ZCkZ,11,61597972,0.0151,-0.92053,0.3555,63926,outcome,TRUE,reported,NA,NA,NA,NA,NA,NA,NA,11,61597972,0.0037,-13.4324,8.623999999999998e-39,187365,exposure,TRUE,reported,8PPgCb,2,TRUE
rs17526895,G,A,G,A,-0.042,-0.0559,0.07784,0.112845,FALSE,FALSE,FALSE,t9ZCkZ,2,118815958,0.0266,-2.1015,0.03553999999999999,63926,outcome,TRUE,reported,NA,NA,NA,NA,NA,NA,NA,2,118815958,0.0067,-6.26866,5.777e-9,187365,exposure,TRUE,reported,8PPgCb,2,TRUE
rs1800562,A,G,A,G,-0.0565,-0.0062,0.04617,0.0471698,FALSE,FALSE,FALSE,t9ZCkZ,6,26093141,0.0302,-0.2052980132450331,0.8361,63926,outcome,TRUE,reported,NA,NA,NA,NA,NA,NA,NA,6,26093141,0.0077,-7.33766,1.905e-12,187365,exposure,TRUE,reported,8PPgCb,2,TRUE
rs1800961,T,C,T,C,-0.1062,0.05599999999999999,0.0343,0.0270712,FALSE,FALSE,FALSE,t9ZCkZ,20,43042364,0.0415,1.3493975903614457,0.1773,63926,outcome,TRUE,reported,NA,NA,NA,NA,NA,NA,NA,20,43042364,0.0101,-10.5149,1.3419999999999999e-24,187365,exposure,TRUE,reported,8PPgCb,2,TRUE
rs1883025,T,C,T,C,-0.0671,0.0347,0.2427,0.216334,FALSE,FALSE,FALSE,t9ZCkZ,9,107664301,0.0138,2.5144927536231885,0.01205,82771,outcome,TRUE,reported,NA,NA,NA,NA,NA,NA,NA,9,107664301,0.0042,-15.9762,5.749e-53,187365,exposure,TRUE,reported,8PPgCb,2,TRUE
rs1997243,G,A,G,A,0.0332,0.0083,0.1306,0.161829,FALSE,FALSE,FALSE,t9ZCkZ,7,1083777,0.0195,0.425641,0.6715,63926,outcome,TRUE,reported,NA,NA,NA,NA,NA,NA,NA,7,1083777,0.005,6.64,2.719e-10,187365,exposure,TRUE,reported,8PPgCb,2,TRUE
rs2000999,A,G,A,G,0.0617,-0.0242,0.1847,0.195179,FALSE,FALSE,FALSE,t9ZCkZ,16,72108093,0.018,-1.3444444444444443,0.18,63926,outcome,TRUE,reported,NA,NA,NA,NA,NA,NA,NA,16,72108093,0.0044,14.022727272727272,6.803999999999999e-41,187365,exposure,TRUE,reported,8PPgCb,2,TRUE
rs2030746,T,C,T,C,0.0199,-0.0109,0.3984,0.397636,FALSE,FALSE,FALSE,t9ZCkZ,2,121309488,0.0146,-0.7465753424657534,0.4564,63926,outcome,TRUE,reported,NA,NA,NA,NA,NA,NA,NA,2,121309488,0.0037,5.378378378378378,3.603e-8,187365,exposure,TRUE,reported,8PPgCb,2,TRUE
rs2066714,C,T,C,T,0.0442,-0.0377,0.1201,0.094521,FALSE,FALSE,FALSE,t9ZCkZ,9,107586753,0.0208,-1.8125,0.07022,63926,outcome,TRUE,reported,NA,NA,NA,NA,NA,NA,NA,9,107586753,0.0076,5.815789473684211,1.136e-8,187365,exposure,TRUE,reported,8PPgCb,2,TRUE
rs2073547,G,A,G,A,0.0456,-0.0311,0.1939,0.265488,FALSE,FALSE,FALSE,t9ZCkZ,7,44582331,0.0189,-1.6455,0.09927,63926,outcome,TRUE,reported,NA,NA,NA,NA,NA,NA,NA,7,44582331,0.0047,9.702127659574469,3.829999999999999e-21,187365,exposure,TRUE,reported,8PPgCb,2,TRUE
rs2156552,T,A,T,A,0.057,-0.0017,0.8219,0.810051,FALSE,TRUE,FALSE,t9ZCkZ,18,47181668,0.0197,-0.0862944,0.9296,63926,outcome,TRUE,reported,NA,NA,NA,NA,NA,NA,NA,18,47181668,0.0047,12.127659574468083,1.247e-31,187365,exposure,TRUE,reported,8PPgCb,2,TRUE
rs2228603,T,C,T,C,-0.1217,0.0201,0.07124,0.0785559,FALSE,FALSE,FALSE,t9ZCkZ,19,19329924,0.0283,0.7102473498233216,0.4766,63926,outcome,TRUE,reported,NA,NA,NA,NA,NA,NA,NA,19,19329924,0.0069,-17.6377,1.049e-62,187365,exposure,TRUE,reported,8PPgCb,2,TRUE
rs2235367,G,A,G,A,0.0357,0.0017,0.4565,0.508364,FALSE,FALSE,FALSE,t9ZCkZ,20,39830122,0.0145,0.117241,0.9089,63926,outcome,TRUE,reported,NA,NA,NA,NA,NA,NA,NA,20,39830122,0.0035,10.2,7.219000000000001e-25,187365,exposure,TRUE,reported,8PPgCb,2,TRUE
rs2244608,G,A,G,A,0.0313,-0.0089,0.3391,0.365314,FALSE,FALSE,FALSE,t9ZCkZ,12,121416988,0.0155,-0.574194,0.5667,63926,outcome,TRUE,reported,NA,NA,NA,NA,NA,NA,NA,12,121416988,0.0037,8.45945945945946,9.618e-18,187365,exposure,TRUE,reported,8PPgCb,2,TRUE
rs2255141,G,A,G,A,-0.0314,-0.0093,0.6807,0.734035,FALSE,FALSE,FALSE,t9ZCkZ,10,113933886,0.0155,-0.6,0.5498,63926,outcome,TRUE,reported,NA,NA,NA,NA,NA,NA,NA,10,113933886,0.0039,-8.05128,6.513999999999999e-16,187365,exposure,TRUE,reported,8PPgCb,2,TRUE
rs2277862,T,C,T,C,-0.0349,0.0296,0.1319,0.114924,FALSE,FALSE,FALSE,t9ZCkZ,20,34152782,0.0201,1.4726368159203982,0.1398,63926,outcome,TRUE,reported,NA,NA,NA,NA,NA,NA,NA,20,34152782,0.0052,-6.71154,5.256e-11,187365,exposure,TRUE,reported,8PPgCb,2,TRUE
rs2287623,A,G,A,G,-0.0273,-0.0158,0.595,0.567794,FALSE,FALSE,FALSE,t9ZCkZ,2,169830155,0.0145,-1.089655172413793,0.2771,63926,outcome,TRUE,reported,NA,NA,NA,NA,NA,NA,NA,2,169830155,0.0036,-7.58333,4.085000000000001e-12,187365,exposure,TRUE,reported,8PPgCb,2,TRUE
rs2315065,A,C,A,C,0.1102,-0.0322,0.08707,0.0750272,FALSE,FALSE,FALSE,t9ZCkZ,6,161108144,0.032,-1.00625,0.3137,63926,outcome,TRUE,reported,NA,NA,NA,NA,NA,NA,NA,6,161108144,0.0158,6.974683544303797,1.098e-11,187365,exposure,TRUE,reported,8PPgCb,2,TRUE
rs247616,T,C,T,C,0.0499,-0.0026,0.2929,0.322684,FALSE,FALSE,FALSE,t9ZCkZ,16,56989590,0.0156,-0.16666666666666666,0.8682,63926,outcome,TRUE,reported,NA,NA,NA,NA,NA,NA,NA,16,56989590,0.004,12.475,4.469999999999999e-32,187365,exposure,TRUE,reported,8PPgCb,2,TRUE
rs2642438,G,A,G,A,0.037,0.0154,0.7454,0.687908,FALSE,FALSE,FALSE,t9ZCkZ,1,220970028,0.0165,0.933333,0.3482,63926,outcome,TRUE,reported,NA,NA,NA,NA,NA,NA,NA,1,220970028,0.004,9.250000000000002,1.283e-18,187365,exposure,TRUE,reported,8PPgCb,2,TRUE
rs2737252,A,G,A,G,-0.0331,0.0266,0.2559,0.277576,FALSE,FALSE,FALSE,t9ZCkZ,8,116663898,0.016,1.6625,0.09664,63926,outcome,TRUE,reported,NA,NA,NA,NA,NA,NA,NA,8,116663898,0.0039,-8.48718,1.634e-16,187365,exposure,TRUE,reported,8PPgCb,2,TRUE
rs281393,T,C,T,C,-0.0322,-0.0208,0.3734,0.400474,FALSE,FALSE,FALSE,t9ZCkZ,19,49224484,0.0153,-1.3594771241830066,0.1728,63926,outcome,TRUE,reported,NA,NA,NA,NA,NA,NA,NA,19,49224484,0.0055,-5.85455,4.256000000000001e-8,187365,exposure,TRUE,reported,8PPgCb,2,TRUE
rs2814982,T,C,T,C,-0.0441,-0.0181,0.1069,0.135686,FALSE,FALSE,FALSE,t9ZCkZ,6,34546560,0.0234,-0.7735042735042735,0.4379,63926,outcome,TRUE,reported,NA,NA,NA,NA,NA,NA,NA,6,34546560,0.0057,-7.73684,3.678e-15,187365,exposure,TRUE,reported,8PPgCb,2,TRUE
rs2886232,C,T,C,T,-0.0358,0.0031,0.8799,0.911349,FALSE,FALSE,FALSE,t9ZCkZ,17,67150176,0.0242,0.128099,0.8978,63926,outcome,TRUE,reported,NA,NA,NA,NA,NA,NA,NA,17,67150176,0.0062,-5.77419,3.8739999999999995e-8,187365,exposure,TRUE,reported,8PPgCb,2,TRUE
rs2902875,T,C,T,C,0.0707,0.0281,0.0409,0.0613908,FALSE,FALSE,FALSE,t9ZCkZ,1,55695535,0.0359,0.7827298050139275,0.4343,63926,outcome,TRUE,reported,NA,NA,NA,NA,NA,NA,NA,1,55695535,0.0123,5.747967479674797,1.79e-8,187365,exposure,TRUE,reported,8PPgCb,2,TRUE
rs2954029,T,A,T,A,-0.0622,0.0039,0.4683,0.48702999999999996,FALSE,TRUE,TRUE,t9ZCkZ,8,126490972,0.0143,-0.272727,0.7837,63926,outcome,TRUE,reported,NA,NA,NA,NA,NA,NA,NA,8,126490972,0.0035,-17.7714,2.421e-65,187365,exposure,TRUE,reported,8PPgCb,2,FALSE
rs314253,C,T,C,T,-0.0233,0.0067,0.3351,0.355301,FALSE,FALSE,FALSE,t9ZCkZ,17,7091650,0.015,0.446667,0.6526,63926,outcome,TRUE,reported,NA,NA,NA,NA,NA,NA,NA,17,7091650,0.0037,-6.2973,2.808e-10,187365,exposure,TRUE,reported,8PPgCb,2,TRUE
rs3184504,C,T,C,T,0.0318,0.0255,0.5343,0.546909,FALSE,FALSE,FALSE,t9ZCkZ,12,111884608,0.0143,1.78322,0.07451,63926,outcome,TRUE,reported,NA,NA,NA,NA,NA,NA,NA,12,111884608,0.0037,8.594594594594595,1.623e-17,187365,exposure,TRUE,reported,8PPgCb,2,TRUE
rs3757354,T,C,T,C,-0.0348,0.0188,0.2098,0.275768,FALSE,FALSE,FALSE,t9ZCkZ,6,16127407,0.0176,1.068181818181818,0.2859,63926,outcome,TRUE,reported,NA,NA,NA,NA,NA,NA,NA,6,16127407,0.0042,-8.28571,2.215e-15,187365,exposure,TRUE,reported,8PPgCb,2,TRUE
rs3780181,G,A,G,A,-0.0442,-0.0349,0.05277,0.0739935,FALSE,FALSE,FALSE,t9ZCkZ,9,2640759,0.0302,-1.15563,0.2467,63926,outcome,TRUE,reported,NA,NA,NA,NA,NA,NA,NA,9,2640759,0.0071,-6.22535,6.667999999999998e-10,187365,exposure,TRUE,reported,8PPgCb,2,TRUE
rs4253772,T,C,T,C,0.0322,0.0206,0.1187,0.103948,FALSE,FALSE,FALSE,t9ZCkZ,22,46627603,0.0228,0.9035087719298246,0.3657,63926,outcome,TRUE,reported,NA,NA,NA,NA,NA,NA,NA,22,46627603,0.0058,5.551724137931035,9.852e-9,187365,exposure,TRUE,reported,8PPgCb,2,TRUE
rs4530754,A,G,A,G,0.0228,0.0241,0.5818,0.518364,FALSE,FALSE,FALSE,t9ZCkZ,5,122855416,0.0143,1.6853146853146852,0.09081,63926,outcome,TRUE,reported,NA,NA,NA,NA,NA,NA,NA,5,122855416,0.0035,6.514285714285714,1.678e-9,187365,exposure,TRUE,reported,8PPgCb,2,TRUE
rs4738684,G,A,G,A,-0.0392,-0.0011,0.6478,0.607501,FALSE,FALSE,FALSE,t9ZCkZ,8,59393273,0.015,-0.0733333,0.9404,63926,outcome,TRUE,reported,NA,NA,NA,NA,NA,NA,NA,8,59393273,0.0037,-10.5946,1.1159999999999999e-23,187365,exposure,TRUE,reported,8PPgCb,2,TRUE
rs4752805,G,A,G,A,0.0251,0.052,0.2467,0.243106,FALSE,FALSE,FALSE,t9ZCkZ,11,48018355,0.0165,3.15152,0.001639,63926,outcome,TRUE,reported,NA,NA,NA,NA,NA,NA,NA,11,48018355,0.0041,6.121951219512195,1.617e-9,187365,exposure,TRUE,reported,8PPgCb,2,TRUE
rs4820091,G,T,G,T,-0.0289,-0.0607,0.1939,0.182692,FALSE,FALSE,FALSE,t9ZCkZ,22,21940189,0.0182,-3.33516,8.822e-4,63926,outcome,TRUE,reported,NA,NA,NA,NA,NA,NA,NA,22,21940189,0.0045,-6.42222,4.363e-10,187365,exposure,TRUE,reported,8PPgCb,2,TRUE
rs4988235,A,G,A,G,-0.0308,-0.0281,0.5237,0.517266,FALSE,FALSE,FALSE,t9ZCkZ,2,136608646,0.016,-1.75625,0.07876,63926,outcome,TRUE,reported,NA,NA,NA,NA,NA,NA,NA,2,136608646,0.004,-7.7,3.975e-14,187365,exposure,TRUE,reported,8PPgCb,2,TRUE
rs515135,C,T,C,T,0.1238,-0.0175,0.7823,0.817918,FALSE,FALSE,FALSE,t9ZCkZ,2,21286057,0.0184,-0.951087,0.3429,63926,outcome,TRUE,reported,NA,NA,NA,NA,NA,NA,NA,2,21286057,0.0046,26.913043478260867,6.379999999999998e-151,187365,exposure,TRUE,reported,8PPgCb,2,TRUE
rs558971,G,A,G,A,0.0398,0.0117,0.5303,0.554545,FALSE,FALSE,FALSE,t9ZCkZ,1,234853406,0.0144,0.8125,0.414,63926,outcome,TRUE,reported,NA,NA,NA,NA,NA,NA,NA,1,234853406,0.0036,11.055555555555555,7.025000000000001e-28,187365,exposure,TRUE,reported,8PPgCb,2,TRUE
rs579459,C,T,C,T,0.062,-0.0145,0.215,0.219521,FALSE,FALSE,FALSE,t9ZCkZ,9,136154168,0.0173,-0.83815,0.4033,63926,outcome,TRUE,reported,NA,NA,NA,NA,NA,NA,NA,9,136154168,0.0044,14.09090909090909,8.828e-42,187365,exposure,TRUE,reported,8PPgCb,2,TRUE
rs581080,C,G,C,G,0.0377,-0.0171,0.8206,0.797351,FALSE,TRUE,FALSE,t9ZCkZ,9,15305378,0.0198,-0.8636363636363636,0.3896,63926,outcome,TRUE,reported,NA,NA,NA,NA,NA,NA,NA,9,15305378,0.0047,8.02127659574468,1.022e-13,187365,exposure,TRUE,reported,8PPgCb,2,TRUE
rs6016373,G,A,G,A,-0.0319,-0.014,0.3734,0.380901,FALSE,FALSE,FALSE,t9ZCkZ,20,39154095,0.015,-0.933333,0.35100000000000003,63926,outcome,TRUE,reported,NA,NA,NA,NA,NA,NA,NA,20,39154095,0.0036,-8.86111,1.0019999999999999e-17,187365,exposure,TRUE,reported,8PPgCb,2,TRUE
rs633695,G,A,G,A,0.0433,0.0029,0.285,0.278081,FALSE,FALSE,FALSE,t9ZCkZ,15,58725839,0.0156,0.185897,0.8539,63926,outcome,TRUE,reported,NA,NA,NA,NA,NA,NA,NA,15,58725839,0.0058,7.4655172413793105,1.054e-14,187365,exposure,TRUE,reported,8PPgCb,2,TRUE
rs646776,T,C,T,C,0.1272,0.0089,0.7876,0.773207,FALSE,FALSE,FALSE,t9ZCkZ,1,109818530,0.0171,0.52046783625731,0.6006,63926,outcome,TRUE,reported,NA,NA,NA,NA,NA,NA,NA,1,109818530,0.0042,30.28571428571429,4.769999999999997e-187,187365,exposure,TRUE,reported,8PPgCb,2,TRUE
rs6504872,T,C,T,C,0.025,-0.0565,0.4723,0.510802,FALSE,FALSE,FALSE,t9ZCkZ,17,45438952,0.0144,-3.923611111111111,8.385e-5,63926,outcome,TRUE,reported,NA,NA,NA,NA,NA,NA,NA,17,45438952,0.0035,7.142857142857143,6.987e-12,187365,exposure,TRUE,reported,8PPgCb,2,TRUE
rs6511720,T,G,T,G,-0.1851,-0.0098,0.09763,0.0894412,FALSE,FALSE,FALSE,t9ZCkZ,19,11202306,0.0224,-0.4375,0.6599,63926,outcome,TRUE,reported,NA,NA,NA,NA,NA,NA,NA,19,11202306,0.0059,-31.3729,1e-200,187365,exposure,TRUE,reported,8PPgCb,2,TRUE
rs6544713,C,T,C,T,-0.0773,0.0258,0.7058,0.697459,FALSE,FALSE,FALSE,t9ZCkZ,2,44073881,0.0154,1.67532,0.09438,63926,outcome,TRUE,reported,NA,NA,NA,NA,NA,NA,NA,2,44073881,0.004,-19.325,1.685e-81,187365,exposure,TRUE,reported,8PPgCb,2,TRUE
rs6573778,C,T,C,T,-0.0263,0.0055,0.529,0.544876,FALSE,FALSE,FALSE,t9ZCkZ,14,24872209,0.0148,0.371622,0.7119,63926,outcome,TRUE,reported,NA,NA,NA,NA,NA,NA,NA,14,24872209,0.0039,-6.74359,2.9579999999999996e-11,187365,exposure,TRUE,reported,8PPgCb,2,TRUE
rs6603981,T,C,T,C,0.0351,-0.0248,0.8061,0.826442,FALSE,FALSE,FALSE,t9ZCkZ,1,92993807,0.0177,-1.4011299435028248,0.1604,63926,outcome,TRUE,reported,NA,NA,NA,NA,NA,NA,NA,1,92993807,0.0043,8.162790697674419,7.846e-15,187365,exposure,TRUE,reported,8PPgCb,2,TRUE
rs6709904,G,A,G,A,-0.0545,-0.028,0.1135,0.099274,FALSE,FALSE,FALSE,t9ZCkZ,2,44080324,0.0222,-1.26126,0.2078,63926,outcome,TRUE,reported,NA,NA,NA,NA,NA,NA,NA,2,44080324,0.0083,-6.56627,8.394999999999998e-10,187365,exposure,TRUE,reported,8PPgCb,2,TRUE
rs6818397,G,T,G,T,-0.0254,0.0154,0.5871,0.646514,FALSE,FALSE,FALSE,t9ZCkZ,4,3434885,0.015,1.02667,0.3067,63926,outcome,TRUE,reported,NA,NA,NA,NA,NA,NA,NA,4,3434885,0.0039,-6.51282,9.51e-11,187365,exposure,TRUE,reported,8PPgCb,2,TRUE
rs6882076,C,T,C,T,0.0508,0.0083,0.6662,0.632716,FALSE,FALSE,FALSE,t9ZCkZ,5,156390297,0.0149,0.557047,0.5772,63926,outcome,TRUE,reported,NA,NA,NA,NA,NA,NA,NA,5,156390297,0.0037,13.729729729729728,5.353999999999999e-41,187365,exposure,TRUE,reported,8PPgCb,2,TRUE
rs7412,T,C,T,C,-0.3736,-0.4673,0.06596,0.0956586,FALSE,FALSE,FALSE,t9ZCkZ,19,45412079,0.0305,-15.321311475409836,6.400999999999999e-53,63926,outcome,TRUE,reported,NA,NA,NA,NA,NA,NA,NA,19,45412079,0.0096,-38.9167,1e-200,187365,exposure,TRUE,reported,8PPgCb,2,TRUE
rs7534572,G,C,G,C,0.0629,-0.0233,0.69,0.699132,FALSE,TRUE,FALSE,t9ZCkZ,1,62999675,0.0152,-1.53289,0.1257,63926,outcome,TRUE,reported,NA,NA,NA,NA,NA,NA,NA,1,62999675,0.0055,11.436363636363636,3.597e-28,187365,exposure,TRUE,reported,8PPgCb,2,TRUE
rs7551981,T,G,T,G,0.0358,-0.0306,0.595,0.626681,FALSE,FALSE,FALSE,t9ZCkZ,1,55719166,0.0147,-2.0816326530612246,0.03776,63926,outcome,TRUE,reported,NA,NA,NA,NA,NA,NA,NA,1,55719166,0.0037,9.675675675675675,7.4970000000000005e-22,187365,exposure,TRUE,reported,8PPgCb,2,TRUE
rs75687619,T,G,T,G,0.1592,0.9283,0.02375,0.0257713,FALSE,FALSE,FALSE,t9ZCkZ,19,45399344,0.0432,21.488425925925924,1.43e-102,63926,outcome,TRUE,reported,NA,NA,NA,NA,NA,NA,NA,19,45399344,0.0153,10.405228758169937,3.609e-22,187365,exposure,TRUE,reported,8PPgCb,2,TRUE
rs7616006,G,A,G,A,-0.0315,0.0069,0.4446,0.381765,FALSE,FALSE,FALSE,t9ZCkZ,3,12267648,0.0143,0.482517,0.6295,63926,outcome,TRUE,reported,NA,NA,NA,NA,NA,NA,NA,3,12267648,0.0036,-8.75,8.406e-17,187365,exposure,TRUE,reported,8PPgCb,2,TRUE
rs7640978,T,C,T,C,-0.0376,0.0029,0.1055,0.0689967,FALSE,FALSE,FALSE,t9ZCkZ,3,32533010,0.0254,0.11417322834645668,0.9094,63926,outcome,TRUE,reported,NA,NA,NA,NA,NA,NA,NA,3,32533010,0.0066,-5.69697,1.658e-8,187365,exposure,TRUE,reported,8PPgCb,2,TRUE
rs780093,C,T,C,T,-0.0515,-0.0176,0.5871,0.616055,FALSE,FALSE,FALSE,t9ZCkZ,2,27742603,0.0145,-1.21379,0.2232,63926,outcome,TRUE,reported,NA,NA,NA,NA,NA,NA,NA,2,27742603,0.0036,-14.3056,2.5909999999999997e-42,187365,exposure,TRUE,reported,8PPgCb,2,TRUE
rs7832643,T,G,T,G,0.0289,0.0163,0.405,0.363421,FALSE,FALSE,FALSE,t9ZCkZ,8,145022657,0.0147,1.108843537414966,0.2686,63926,outcome,TRUE,reported,NA,NA,NA,NA,NA,NA,NA,8,145022657,0.0037,7.810810810810811,3.121e-13,187365,exposure,TRUE,reported,8PPgCb,2,TRUE
rs8103315,A,C,A,C,0.0422,0.2638,0.1359,0.125544,FALSE,FALSE,FALSE,t9ZCkZ,19,45254168,0.0214,12.327102803738317,7.361e-35,63926,outcome,TRUE,reported,NA,NA,NA,NA,NA,NA,NA,19,45254168,0.0055,7.672727272727274,5.942e-15,187365,exposure,TRUE,reported,8PPgCb,2,TRUE
rs9272775,C,T,C,T,0.0317,-0.0446,0.2823,0.232224,FALSE,FALSE,FALSE,t9ZCkZ,6,32610257,0.0175,-2.54857,0.01095,63926,outcome,TRUE,reported,NA,NA,NA,NA,NA,NA,NA,6,32610257,0.0055,5.763636363636364,2.125e-8,187365,exposure,TRUE,reported,8PPgCb,2,TRUE
rs9306897,C,T,C,T,-0.0488,8e-4,0.6966,0.676353,FALSE,FALSE,FALSE,t9ZCkZ,2,21138066,0.0154,0.0519481,0.9597,63926,outcome,TRUE,reported,NA,NA,NA,NA,NA,NA,NA,2,21138066,0.0037,-13.1892,7.515e-37,187365,exposure,TRUE,reported,8PPgCb,2,TRUE
rs9376090,C,T,C,T,-0.0254,0.0036,0.2718,0.289273,FALSE,FALSE,FALSE,t9ZCkZ,6,135411228,0.0165,0.218182,0.8261,63926,outcome,TRUE,reported,NA,NA,NA,NA,NA,NA,NA,6,135411228,0.004,-6.35,2.595e-9,187365,exposure,TRUE,reported,8PPgCb,2,TRUE
rs9391858,G,A,G,A,0.0495,0.0721,0.1939,0.150563,FALSE,FALSE,FALSE,t9ZCkZ,6,32341398,0.0177,4.07345,4.751e-5,82771,outcome,TRUE,reported,NA,NA,NA,NA,NA,NA,NA,6,32341398,0.005,9.9,7.203999999999999e-22,187365,exposure,TRUE,reported,8PPgCb,2,TRUE
rs964184,C,G,C,G,-0.1214,-0.0053,NA,0.87105,FALSE,TRUE,TRUE,t9ZCkZ,11,116648917,0.0207,-0.2560386473429952,0.7973,63926,outcome,TRUE,reported,NA,NA,NA,NA,NA,NA,NA,11,116648917,0.0076,-15.9737,2.8379999999999996e-55,187365,exposure,TRUE,reported,8PPgCb,2,FALSE
rs9987289,G,A,G,A,0.0842,-0.027,0.9248,0.911252,FALSE,FALSE,FALSE,t9ZCkZ,8,9183358,0.0256,-1.05469,0.2921,63926,outcome,TRUE,reported,NA,NA,NA,NA,NA,NA,NA,8,9183358,0.0063,13.365079365079364,1.8439999999999997e-36,187365,exposure,TRUE,reported,8PPgCb,2,TRUE
